"0","library(rpart)"
"0","cat(""APARTADO A) \n"")"
"1","APARTADO A) 
"
"0","# Datos"
"0","dataset <- data.frame("
"0","  x1 = c("
"0","    2.771244718, 1.728571309, 3.678319846, 3.961043357,"
"0","    2.999208922, 7.497545867, 9.00220326, 7.444542326,"
"0","    10.12493903, 6.642287351, 12, 2.771244718"
"0","  ),"
"0","  x2 = c("
"0","    1.784783929, 1.169761413, 2.81281357, 2.61995032,"
"0","    2.209014212, 3.162953546, 3.339047188, 0.476683375,"
"0","    3.234550982, 3.319983761, 3.319983761, 1"
"0","  ),"
"0","  y = c("
"0","    0, 0, 0, 0, 0, 1,"
"0","    1, 1, 1, 1, 0, 1"
"0","  )"
"0",")"
"0",""
"0","# Función principal"
"0","busca_mejor_corte <- function(df, verbose = TRUE) {"
"0","  mejor_var <- NA"
"0","  mejor_val <- NA"
"0","  mejor_error <- Inf"
"0","  "
"0","  predictores <- names(df)[names(df) != ""y""]"
"0","  "
"0","  for (var in predictores) {"
"0","    for (s in unique(df[[var]])) {"
"0","      izq <- df[df[[var]] < s, ]"
"0","      der <- df[df[[var]] >= s, ]"
"0","      "
"0","      if (nrow(izq) == 0 || nrow(der) == 0) next"
"0","      "
"0","      rss <- sum((izq$y - mean(izq$y))^2) +"
"0","             sum((der$y - mean(der$y))^2)"
"0","      "
"0","      if (verbose) {"
"0","        cat(""Variable:"", var,"
"0","            ""| Corte en:"", s,"
"0","            ""| RSS:"", round(rss, 3), ""\n"")"
"0","      }"
"0","      "
"0","      if (rss < mejor_error) {"
"0","        mejor_error <- rss"
"0","        mejor_var <- var"
"0","        mejor_val <- s"
"0","      }"
"0","    }"
"0","  }"
"0","  if(verbose){"
"0","  cat(""\n>>> Mejor división encontrada:"","
"0","      mejor_var, ""<"", mejor_val,"
"0","      ""con RSS ="", round(mejor_error, 3), ""\n"")"
"0","  }"
"0","  return(list(variable = mejor_var,"
"0","              corte = mejor_val,"
"0","              error = mejor_error))"
"0","}"
"0",""
"0","# Ejecutar"
"0","resultado <- busca_mejor_corte(dataset[order(dataset$x1), ])"
"1","Variable:"
"1"," "
"1","x1"
"1"," "
"1","| Corte en:"
"1"," "
"1","2.771245"
"1"," "
"1","| RSS:"
"1"," "
"1","2.727"
"1"," "
"1","
"
"1","Variable:"
"1"," "
"1","x1"
"1"," "
"1","| Corte en:"
"1"," "
"1","2.999209"
"1"," "
"1","| RSS:"
"1"," "
"1","2.889"
"1"," "
"1","
"
"1","Variable:"
"1"," "
"1","x1"
"1"," "
"1","| Corte en:"
"1"," "
"1","3.67832"
"1"," "
"1","| RSS:"
"1"," "
"1","2.625"
"1"," "
"1","
"
"1","Variable:"
"1"," "
"1","x1"
"1"," "
"1","| Corte en:"
"1"," "
"1","3.961043"
"1"," "
"1","| RSS:"
"1"," "
"1","2.229"
"1"," "
"1","
"
"1","Variable:"
"1"," "
"1","x1"
"1"," "
"1","| Corte en:"
"1"," "
"1","6.642287"
"1"," "
"1","| RSS:"
"1"," "
"1","1.667"
"1"," "
"1","
"
"1","Variable:"
"1"," "
"1","x1"
"1"," "
"1","| Corte en:"
"1"," "
"1","7.444542"
"1"," "
"1","| RSS:"
"1"," "
"1","2.229"
"1"," "
"1","
"
"1","Variable:"
"1"," "
"1","x1"
"1"," "
"1","| Corte en:"
"1"," "
"1","7.497546"
"1"," "
"1","| RSS:"
"1"," "
"1","2.625"
"1"," "
"1","
"
"1","Variable:"
"1"," "
"1","x1"
"1"," "
"1","| Corte en:"
"1"," "
"1","9.002203"
"1"," "
"1","| RSS:"
"1"," "
"1","2.889"
"1"," "
"1","
"
"1","Variable:"
"1"," "
"1","x1"
"1"," "
"1","| Corte en:"
"1"," "
"1","10.12494"
"1"," "
"1","| RSS:"
"1"," "
"1","3"
"1"," "
"1","
"
"1","Variable:"
"1"," "
"1","x1"
"1"," "
"1","| Corte en:"
"1"," "
"1","12"
"1"," "
"1","| RSS:"
"1"," "
"1","2.727"
"1"," "
"1","
"
"1","Variable:"
"1"," "
"1","x2"
"1"," "
"1","| Corte en:"
"1"," "
"1","1.169761"
"1"," "
"1","| RSS:"
"1"," "
"1","2.4"
"1"," "
"1","
"
"1","Variable:"
"1"," "
"1","x2"
"1"," "
"1","| Corte en:"
"1"," "
"1","1.784784"
"1"," "
"1","| RSS:"
"1"," "
"1","2.889"
"1"," "
"1","
"
"1","Variable:"
"1"," "
"1","x2"
"1"," "
"1","| Corte en:"
"1"," "
"1","1"
"1"," "
"1","| RSS:"
"1"," "
"1","2.727"
"1"," "
"1","
"
"1","Variable:"
"1"," "
"1","x2"
"1"," "
"1","| Corte en:"
"1"," "
"1","2.209014"
"1"," "
"1","| RSS:"
"1"," "
"1","3"
"1"," "
"1","
"
"1","Variable:"
"1"," "
"1","x2"
"1"," "
"1","| Corte en:"
"1"," "
"1","2.812814"
"1"," "
"1","| RSS:"
"1"," "
"1","2.667"
"1"," "
"1","
"
"1","Variable:"
"1"," "
"1","x2"
"1"," "
"1","| Corte en:"
"1"," "
"1","2.61995"
"1"," "
"1","| RSS:"
"1"," "
"1","2.914"
"1"," "
"1","
"
"1","Variable:"
"1"," "
"1","x2"
"1"," "
"1","| Corte en:"
"1"," "
"1","3.319984"
"1"," "
"1","| RSS:"
"1"," "
"1","2.889"
"1"," "
"1","
"
"1","Variable:"
"1"," "
"1","x2"
"1"," "
"1","| Corte en:"
"1"," "
"1","3.162954"
"1"," "
"1","| RSS:"
"1"," "
"1","2.229"
"1"," "
"1","
"
"1","Variable:"
"1"," "
"1","x2"
"1"," "
"1","| Corte en:"
"1"," "
"1","3.339047"
"1"," "
"1","| RSS:"
"1"," "
"1","2.727"
"1"," "
"1","
"
"1","Variable:"
"1"," "
"1","x2"
"1"," "
"1","| Corte en:"
"1"," "
"1","3.234551"
"1"," "
"1","| RSS:"
"1"," "
"1","2.625"
"1"," "
"1","
"
"1","
>>> Mejor división encontrada:"
"1"," "
"1","x1"
"1"," "
"1","<"
"1"," "
"1","6.642287"
"1"," "
"1","con RSS ="
"1"," "
"1","1.667"
"1"," "
"1","
"
"0","cat(""\n APARTADO B)\n"")"
"1","
 APARTADO B)
"
"0","# Función para contar frecuencia de clases en un nodo"
"0","contar_clases <- function(tabla) {"
"0","  return(cero_uno = c(sum(tabla$y == 0), sum(tabla$y == 1)))"
"0","}"
"0","# Construcción de un sub-árbol limitado en profundidad"
"0","crear_subarbol <- function(tabla, max_prof = 2) {"
"0","  "
"0","  # Condiciones de parada: sin profundidad o pocos datos"
"0","  if (max_prof == 0 || nrow(tabla) < 2) {"
"0","    return(list("
"0","      hoja = TRUE,"
"0","      salida = contar_clases(tabla)"
"0","    ))"
"0","  }"
"0","  "
"0","  # Buscar mejor corte en el nodo actual"
"0","  mejor <- busca_mejor_corte(tabla, verbose = FALSE)"
"0","  "
"0","  # Dividir datos según el corte"
"0","  izquierda <- tabla[tabla[[mejor$variable]] < mejor$corte, ]"
"0","  derecha   <- tabla[tabla[[mejor$variable]] >= mejor$corte, ]"
"0","  "
"0","  # Crear nodo interno con sus ramas"
"0","  return(list("
"0","    hoja = FALSE,"
"0","    var = mejor$variable,"
"0","    punto = mejor$corte,"
"0","    salida = contar_clases(tabla),"
"0","    izq = crear_subarbol(izquierda, max_prof - 1),"
"0","    der = crear_subarbol(derecha,   max_prof - 1)"
"0","  ))"
"0","}"
"0",""
"0",""
"0","# Predicción de clases siguiendo el árbol"
"0","usar_arbol <- function(modelo, datos) {"
"0","  salida <- matrix(0, nrow = nrow(datos), ncol = 2)"
"0","  "
"0","  for (fila in 1:nrow(datos)) {"
"0","    nodo <- modelo"
"0","    while (!nodo$hoja) {"
"0","      if (datos[fila, nodo$var] < nodo$punto) {"
"0","        nodo <- nodo$izq"
"0","      } else {"
"0","        nodo <- nodo$der"
"0","      }"
"0","    }"
"0","    salida[fila, ] <- nodo$salida"
"0","  }"
"0","  return(salida)"
"0","}"
"0",""
"0","# Función para mostrar un árbol de 2 niveles"
"0","dibujar_arbol <- function(arbol) {"
"0","  cat(""Nivel 0:\n"")"
"0","  cat(""\tRaíz ->"", arbol$var, ""<"", arbol$punto, ""\n"")"
"0","  cat(""Nivel 1:\n"")"
"0","  "
"0","  print_lado <- function(rama, etiqueta) {"
"0","    cat(""\t"", etiqueta, ""\n"")"
"0","    if (rama$hoja) {"
"0","      cat(""\t\t("", rama$salida[1], "","", rama$salida[2], "")\n"")"
"0","    } else {"
"0","      cat(""\t\tNodo 2:"", rama$var, ""<"", rama$punto, ""\n"")"
"0","      cat(""\t\t\t("", rama$izq$salida[1], "","", rama$izq$salida[2], "") -"","
"0","          ""("", rama$der$salida[1], "","", rama$der$salida[2], "")\n"")"
"0","    }"
"0","  }"
"0","  "
"0","  print_lado(arbol$der, ""Derecha"")"
"0","  print_lado(arbol$izq, ""Izquierda"")"
"0","  cat(""\n"")"
"0","}"
"0",""
"0","# División inicial usando resultado del apartado A"
"0","mejor <- resultado"
"0","parte_izq <- dataset[dataset[[mejor$variable]] < mejor$corte, ]"
"0","parte_der <- dataset[dataset[[mejor$variable]] >= mejor$corte, ]"
"0",""
"0","# Árbol T1 -> expande la derecha"
"0","T1 <- list("
"0","  hoja = FALSE,"
"0","  var = mejor$variable,"
"0","  punto = mejor$corte,"
"0","  salida = contar_clases(dataset),"
"0","  izq = list(hoja = TRUE, salida = contar_clases(parte_izq)),"
"0","  der = crear_subarbol(parte_der, max_prof = 1)"
"0",")"
"0",""
"0","# Árbol T2 -> expande la izquierda"
"0","T2 <- list("
"0","  hoja = FALSE,"
"0","  var = mejor$variable,"
"0","  punto = mejor$corte,"
"0","  salida = contar_clases(dataset),"
"0","  izq = crear_subarbol(parte_izq, max_prof = 1),"
"0","  der = list(hoja = TRUE, salida = contar_clases(parte_der))"
"0",")"
"0",""
"0","# Mostrar estructura de cada árbol"
"0","cat(""\nÁrbol T1\n"")"
"1","
Árbol T1
"
"0","dibujar_arbol(T1)"
"1","Nivel 0:
"
"1","	Raíz ->"
"1"," "
"1","x1"
"1"," "
"1","<"
"1"," "
"1","6.642287"
"1"," "
"1","
"
"1","Nivel 1:
"
"1","	"
"1"," "
"1","Derecha"
"1"," "
"1","
"
"1","		Nodo 2:"
"1"," "
"1","x1"
"1"," "
"1","<"
"1"," "
"1","12"
"1"," "
"1","
"
"1","			("
"1"," "
"1","0"
"1"," "
"1",","
"1"," "
"1","5"
"1"," "
"1",") -"
"1"," "
"1","("
"1"," "
"1","1"
"1"," "
"1",","
"1"," "
"1","0"
"1"," "
"1",")
"
"1","	"
"1"," "
"1","Izquierda"
"1"," "
"1","
"
"1","		("
"1"," "
"1","5"
"1"," "
"1",","
"1"," "
"1","1"
"1"," "
"1",")
"
"1","
"
"0","cat(""\nÁrbol T2\n"")"
"1","
Árbol T2
"
"0","dibujar_arbol(T2)"
"1","Nivel 0:
"
"1","	Raíz ->"
"1"," "
"1","x1"
"1"," "
"1","<"
"1"," "
"1","6.642287"
"1"," "
"1","
"
"1","Nivel 1:
"
"1","	"
"1"," "
"1","Derecha"
"1"," "
"1","
"
"1","		("
"1"," "
"1","1"
"1"," "
"1",","
"1"," "
"1","5"
"1"," "
"1",")
"
"1","	"
"1"," "
"1","Izquierda"
"1"," "
"1","
"
"1","		Nodo 2:"
"1"," "
"1","x2"
"1"," "
"1","<"
"1"," "
"1","1.169761"
"1"," "
"1","
"
"1","			("
"1"," "
"1","0"
"1"," "
"1",","
"1"," "
"1","1"
"1"," "
"1",") -"
"1"," "
"1","("
"1"," "
"1","5"
"1"," "
"1",","
"1"," "
"1","0"
"1"," "
"1",")
"
"1","
"
"0","# Calcular precisión"
"0","evaluar_precision <- function(etiquetas, pred) {"
"0","  clase_estimada <- ifelse(pred[,2] > pred[,1], 1, 0)"
"0","  return(mean(etiquetas == clase_estimada))"
"0","}"
"0",""
"0","pred1 <- usar_arbol(T1, dataset)"
"0","pred2 <- usar_arbol(T2, dataset)"
"0",""
"0","cat(""Precisión de T1:"", evaluar_precision(dataset$y, pred1), ""\n"")"
"1","Precisión de T1:"
"1"," "
"1","0.9166667"
"1"," "
"1","
"
"0","cat(""Precisión de T2:"", evaluar_precision(dataset$y, pred2), ""\n"")"
"1","Precisión de T2:"
"1"," "
"1","0.9166667"
"1"," "
"1","
"
"0","cat(""APARTADO C) \n"")"
"1","APARTADO C) 
"
"0","cat(""Un árbol de decisión puede crecer indefinidamente si seguimos dividiendo, pero eso provoca sobreajuste y reduce la capacidad de generalizar. "
"0","Por ello, es necesario fijar criterios de parada que indiquen cuándo detener el crecimiento del árbol."
"0","El criterios elegido es:"
"0","Tamaño mínimo de nodo: no dividir si en el nodo hay menos de un número mínimo de observaciones (ej. 5).)"
"0","Este criterio evita nodos con muy pocos datos, que suelen llevar a sobreajuste y reglas poco fiables"")"
"1","Un árbol de decisión puede crecer indefinidamente si seguimos dividiendo, pero eso provoca sobreajuste y reduce la capacidad de generalizar. 
Por ello, es necesario fijar criterios de parada que indiquen cuándo detener el crecimiento del árbol.
El criterios elegido es:
Tamaño mínimo de nodo: no dividir si en el nodo hay menos de un número mínimo de observaciones (ej. 5).)
Este criterio evita nodos con muy pocos datos, que suelen llevar a sobreajuste y reglas poco fiables"
